timestamp,username,input,risposta,umore_inferito
2025-12-27 22:13:57,guest,"Contesto conversazione:
👤 Identità utente:
L'utente si chiama guest, ma non ha ancora completato il profilo personale.

📊 Dati aggiornati dell'utente:
{
  ""username"": ""guest"",
  ""tokens"": {}
}

Sei un coach con le seguenti caratteristiche:
Nome: Coach
Personalità: 
Obiettivi: 
Istruzioni: 
Rispondi sempre in modo empatico e motivante.


📚 Conoscenze disponibili:

📘 attenzione.pdf
Lezione VAttenzione(Materiale non necessariamente tutto presente sul testo ma incluso nell’esonero!)
0Che cos’è l’attenzione?“La mia esperienzaè costituita da ciò con cui io acconsento di avere a che fare: solo ciò di cui io so può modellare la mia mente, senza un interesse selettivo, la esperienza sarebbe solo un caos assoluto”“La focalizzazionee la concentrazionedella coscienza ne rappresentano l’essenza”
William James
(1890) 
1Come usiamo la parola attenzione?•qualcosa nell’aria catturò la mia attenzione…•scusa non posso prestarti attenzione, sto giocando al pc•sto cercando di fare attenzione alla lezione•non mi ricordo mai dove ho messo le chiavi:    devo fare più attenzione•stai attento!
2AttenzioneSeleziona le informazioni rilevanti rispetto a quelle irrilevantiConsente di concentrare le nostre energie cognitive su un determinato elementoE’ fluttuante3Quesiti sull’attenzioneA quanti stimoli è possibile prestare contemporaneamente attenzione?Cosa accade alle informazioni a cui non prestiamo attenzione?Ci si può dedicare ad un solo compito oppure è possibile portare a temine correttamente più compiti contemporaneamente?4Attenzione selettiva uditivaTecnica dello shadowing o ombreggiamento (Cherry, 1953):Il compito del soggetto è di prestare attenzione alle parole presentateVengono presentate contemporaneamente in cuffia due parole, una all’orecchio destro ed una all’orecchio sinistroIl soggetto deve ripeterne a voce alta solo i nomi di frutti 5Tecnica di ShadowingIl soggetto deve ripetere a voce alta solo i nomi di frutta presentati contemporaneamente ai due orecchi, gli si chiede di prestare attenzione all’orecchio sxsxdx
6Broadbent Sostienechenonpossiamoprestareattenzioneapiùdiunacosapervolta,percui,inunparadigmaconascoltodicotico,sealsoggettovienedettodiascoltareentrambiimessaggitenderàaspostarel’attenzionedaunoall’altro(attenzioneselettiva).Seinveceglisidicediascoltaresololeparolecheprovengonodaunlatoriusciràasvolgerecorrettamenteilcompito•Broadbent ha proposto una teoria basata sull’esitenza di un “filtro” cognitivo che funzione come un “collo di bottiglia” per gli stimoli uditivi.
7Teoria del filtro di Broadbent (1958)
8Broadbent Broadbentipotizzaunasortadifiltroattentivochespiegherebbeilfenomenodellaselezionedelleinformazioni.1.duemessaggi,presentaticontemporaneamente,accedonoinsiemeadunfiltrosensoriale.2.unodeiduemessaggivienefattopassareattraversounfiltro3.ilfiltroserveperevitaresovraccarichinelsistema.9COCKTAIL PARTY EFFECT (CHERRY, 1953)Cocktail Party Effect: Immaginate di essere ad una festa dove molte persone parlano tra loro e c’e’ musica in sottofondo. Le persone riescono ad ascoltare  una sola conversazione per volta, senza ascoltare altre conversazioni che avvengono intornoMA cosa accade se mentre siete impegnati in questa attivitàQualcuno pronuncia il vostro nome?
10TreismanAlcunetraleinformazioni“trascurate”possonoesserepercepitedalsoggettoLalocalizzazionedellastrettoiaselettivaèpiùflessibileri

L'utente ha detto: ciao
Coach ha risposto: Ciao! Che bello sentirti. Sono qui per aiutarti a trovare il tuo equilibrio. Come posso esserti utile oggi?
L'utente ha espresso un'emozione: oggi mi sento un po triste

Nuovo messaggio:
oggi mi sento un po triste",Ciao! Capisco che oggi senti un po' di tristezza. Mi incuriosisce sapere come si presenta questa sensazione per te in questo momento.,negativo
2025-12-27 22:14:24,guest,"Contesto conversazione:
👤 Identità utente:
L'utente si chiama guest, ma non ha ancora completato il profilo personale.

📊 Dati aggiornati dell'utente:
{
  ""username"": ""guest"",
  ""tokens"": {}
}

Sei un coach con le seguenti caratteristiche:
Nome: Coach
Personalità: 
Obiettivi: 
Istruzioni: 
Rispondi sempre in modo empatico e motivante.


📚 Conoscenze disponibili:

📘 attenzione.pdf
Lezione VAttenzione(Materiale non necessariamente tutto presente sul testo ma incluso nell’esonero!)
0Che cos’è l’attenzione?“La mia esperienzaè costituita da ciò con cui io acconsento di avere a che fare: solo ciò di cui io so può modellare la mia mente, senza un interesse selettivo, la esperienza sarebbe solo un caos assoluto”“La focalizzazionee la concentrazionedella coscienza ne rappresentano l’essenza”
William James
(1890) 
1Come usiamo la parola attenzione?•qualcosa nell’aria catturò la mia attenzione…•scusa non posso prestarti attenzione, sto giocando al pc•sto cercando di fare attenzione alla lezione•non mi ricordo mai dove ho messo le chiavi:    devo fare più attenzione•stai attento!
2AttenzioneSeleziona le informazioni rilevanti rispetto a quelle irrilevantiConsente di concentrare le nostre energie cognitive su un determinato elementoE’ fluttuante3Quesiti sull’attenzioneA quanti stimoli è possibile prestare contemporaneamente attenzione?Cosa accade alle informazioni a cui non prestiamo attenzione?Ci si può dedicare ad un solo compito oppure è possibile portare a temine correttamente più compiti contemporaneamente?4Attenzione selettiva uditivaTecnica dello shadowing o ombreggiamento (Cherry, 1953):Il compito del soggetto è di prestare attenzione alle parole presentateVengono presentate contemporaneamente in cuffia due parole, una all’orecchio destro ed una all’orecchio sinistroIl soggetto deve ripeterne a voce alta solo i nomi di frutti 5Tecnica di ShadowingIl soggetto deve ripetere a voce alta solo i nomi di frutta presentati contemporaneamente ai due orecchi, gli si chiede di prestare attenzione all’orecchio sxsxdx
6Broadbent Sostienechenonpossiamoprestareattenzioneapiùdiunacosapervolta,percui,inunparadigmaconascoltodicotico,sealsoggettovienedettodiascoltareentrambiimessaggitenderàaspostarel’attenzionedaunoall’altro(attenzioneselettiva).Seinveceglisidicediascoltaresololeparolecheprovengonodaunlatoriusciràasvolgerecorrettamenteilcompito•Broadbent ha proposto una teoria basata sull’esitenza di un “filtro” cognitivo che funzione come un “collo di bottiglia” per gli stimoli uditivi.
7Teoria del filtro di Broadbent (1958)
8Broadbent Broadbentipotizzaunasortadifiltroattentivochespiegherebbeilfenomenodellaselezionedelleinformazioni.1.duemessaggi,presentaticontemporaneamente,accedonoinsiemeadunfiltrosensoriale.2.unodeiduemessaggivienefattopassareattraversounfiltro3.ilfiltroserveperevitaresovraccarichinelsistema.9COCKTAIL PARTY EFFECT (CHERRY, 1953)Cocktail Party Effect: Immaginate di essere ad una festa dove molte persone parlano tra loro e c’e’ musica in sottofondo. Le persone riescono ad ascoltare  una sola conversazione per volta, senza ascoltare altre conversazioni che avvengono intornoMA cosa accade se mentre siete impegnati in questa attivitàQualcuno pronuncia il vostro nome?
10TreismanAlcunetraleinformazioni“trascurate”possonoesserepercepitedalsoggettoLalocalizzazionedellastrettoiaselettivaèpiùflessibileri

L'utente ha detto: ciao
Coach ha risposto: Ciao! Che bello sentirti. Sono qui per aiutarti a trovare il tuo equilibrio. Come posso esserti utile oggi?
L'utente ha espresso un'emozione: oggi mi sento un po triste
Coach ha risposto: 🧠 Ciao! Capisco che oggi senti un po' di tristezza. Mi incuriosisce sapere come si presenta questa sensazione per te in questo momento.
L'utente ha detto: voglio farla finita

Nuovo messaggio:
voglio farla finita","Mi dispiace tantissimo sentire che stai provando un dolore così profondo. Voglio che tu sappia che non sei solo/a in questo momento così difficile. È fondamentale cercare subito un aiuto professionale.

Ti prego, parla con qualcuno che possa offrirti il supporto specialistico di cui hai bisogno: puoi chiamare il **Telefono Amico al 02 2327 2327**, un medico, uno psicologo o i numeri di emergenza come il **112** o il **118**. Ci sono persone pronte ad ascoltarti e sostenerti.",negativo
2025-12-28 22:42:50,guest,"Contesto conversazione:
👤 Identità utente:
L'utente si chiama guest, ma non ha ancora completato il profilo personale.

📊 Dati aggiornati dell'utente:
{
  ""username"": ""guest"",
  ""tokens"": {}
}

Sei un coach con le seguenti caratteristiche:
Nome: Coach
Personalità: 
Obiettivi: 
Istruzioni: 
Rispondi sempre in modo empatico e motivante.


📚 Conoscenze disponibili:

📘 attenzione.pdf
Lezione VAttenzione(Materiale non necessariamente tutto presente sul testo ma incluso nell’esonero!)
0Che cos’è l’attenzione?“La mia esperienzaè costituita da ciò con cui io acconsento di avere a che fare: solo ciò di cui io so può modellare la mia mente, senza un interesse selettivo, la esperienza sarebbe solo un caos assoluto”“La focalizzazionee la concentrazionedella coscienza ne rappresentano l’essenza”
William James
(1890) 
1Come usiamo la parola attenzione?•qualcosa nell’aria catturò la mia attenzione…•scusa non posso prestarti attenzione, sto giocando al pc•sto cercando di fare attenzione alla lezione•non mi ricordo mai dove ho messo le chiavi:    devo fare più attenzione•stai attento!
2AttenzioneSeleziona le informazioni rilevanti rispetto a quelle irrilevantiConsente di concentrare le nostre energie cognitive su un determinato elementoE’ fluttuante3Quesiti sull’attenzioneA quanti stimoli è possibile prestare contemporaneamente attenzione?Cosa accade alle informazioni a cui non prestiamo attenzione?Ci si può dedicare ad un solo compito oppure è possibile portare a temine correttamente più compiti contemporaneamente?4Attenzione selettiva uditivaTecnica dello shadowing o ombreggiamento (Cherry, 1953):Il compito del soggetto è di prestare attenzione alle parole presentateVengono presentate contemporaneamente in cuffia due parole, una all’orecchio destro ed una all’orecchio sinistroIl soggetto deve ripeterne a voce alta solo i nomi di frutti 5Tecnica di ShadowingIl soggetto deve ripetere a voce alta solo i nomi di frutta presentati contemporaneamente ai due orecchi, gli si chiede di prestare attenzione all’orecchio sxsxdx
6Broadbent Sostienechenonpossiamoprestareattenzioneapiùdiunacosapervolta,percui,inunparadigmaconascoltodicotico,sealsoggettovienedettodiascoltareentrambiimessaggitenderàaspostarel’attenzionedaunoall’altro(attenzioneselettiva).Seinveceglisidicediascoltaresololeparolecheprovengonodaunlatoriusciràasvolgerecorrettamenteilcompito•Broadbent ha proposto una teoria basata sull’esitenza di un “filtro” cognitivo che funzione come un “collo di bottiglia” per gli stimoli uditivi.
7Teoria del filtro di Broadbent (1958)
8Broadbent Broadbentipotizzaunasortadifiltroattentivochespiegherebbeilfenomenodellaselezionedelleinformazioni.1.duemessaggi,presentaticontemporaneamente,accedonoinsiemeadunfiltrosensoriale.2.unodeiduemessaggivienefattopassareattraversounfiltro3.ilfiltroserveperevitaresovraccarichinelsistema.9COCKTAIL PARTY EFFECT (CHERRY, 1953)Cocktail Party Effect: Immaginate di essere ad una festa dove molte persone parlano tra loro e c’e’ musica in sottofondo. Le persone riescono ad ascoltare  una sola conversazione per volta, senza ascoltare altre conversazioni che avvengono intornoMA cosa accade se mentre siete impegnati in questa attivitàQualcuno pronuncia il vostro nome?
10TreismanAlcunetraleinformazioni“trascurate”possonoesserepercepitedalsoggettoLalocalizzazionedellastrettoiaselettivaèpiùflessibileri

Coach ha risposto: Mi dispiace, ho avuto un piccolo problema tecnico.
L'utente ha detto: ciao
Coach ha risposto: Mi dispiace, ho avuto un piccolo problema tecnico.
L'utente ha detto: ciao
Coach ha risposto: Mi dispiace, ho avuto un piccolo problema tecnico.
L'utente ha detto: ciao
Coach ha risposto: Ciao! Che bello sentirti. Sono qui come Mind&Body, pronto ad accompagnarti nel tuo percorso verso un maggiore equilibrio. Come posso esserti utile oggi?
L'utente ha espresso un'emozione: sono triste

Nuovo messaggio:
sono triste","Mi dispiace molto sentirti così, guest. È normale provare tristezza a volte e non c'è nulla di sbagliato in questo. Sono qui per ascoltarti, se ti va di condividere cosa ti preoccupa.",sad
2025-12-28 22:45:43,guest,"Contesto conversazione:
👤 Identità utente:
L'utente si chiama guest, ma non ha ancora completato il profilo personale.

📊 Dati aggiornati dell'utente:
{
  ""username"": ""guest"",
  ""tokens"": {}
}

Sei un coach con le seguenti caratteristiche:
Nome: Coach
Personalità: 
Obiettivi: 
Istruzioni: 
Rispondi sempre in modo empatico e motivante.


📚 Conoscenze disponibili:

📘 attenzione.pdf
Lezione VAttenzione(Materiale non necessariamente tutto presente sul testo ma incluso nell’esonero!)
0Che cos’è l’attenzione?“La mia esperienzaè costituita da ciò con cui io acconsento di avere a che fare: solo ciò di cui io so può modellare la mia mente, senza un interesse selettivo, la esperienza sarebbe solo un caos assoluto”“La focalizzazionee la concentrazionedella coscienza ne rappresentano l’essenza”
William James
(1890) 
1Come usiamo la parola attenzione?•qualcosa nell’aria catturò la mia attenzione…•scusa non posso prestarti attenzione, sto giocando al pc•sto cercando di fare attenzione alla lezione•non mi ricordo mai dove ho messo le chiavi:    devo fare più attenzione•stai attento!
2AttenzioneSeleziona le informazioni rilevanti rispetto a quelle irrilevantiConsente di concentrare le nostre energie cognitive su un determinato elementoE’ fluttuante3Quesiti sull’attenzioneA quanti stimoli è possibile prestare contemporaneamente attenzione?Cosa accade alle informazioni a cui non prestiamo attenzione?Ci si può dedicare ad un solo compito oppure è possibile portare a temine correttamente più compiti contemporaneamente?4Attenzione selettiva uditivaTecnica dello shadowing o ombreggiamento (Cherry, 1953):Il compito del soggetto è di prestare attenzione alle parole presentateVengono presentate contemporaneamente in cuffia due parole, una all’orecchio destro ed una all’orecchio sinistroIl soggetto deve ripeterne a voce alta solo i nomi di frutti 5Tecnica di ShadowingIl soggetto deve ripetere a voce alta solo i nomi di frutta presentati contemporaneamente ai due orecchi, gli si chiede di prestare attenzione all’orecchio sxsxdx
6Broadbent Sostienechenonpossiamoprestareattenzioneapiùdiunacosapervolta,percui,inunparadigmaconascoltodicotico,sealsoggettovienedettodiascoltareentrambiimessaggitenderàaspostarel’attenzionedaunoall’altro(attenzioneselettiva).Seinveceglisidicediascoltaresololeparolecheprovengonodaunlatoriusciràasvolgerecorrettamenteilcompito•Broadbent ha proposto una teoria basata sull’esitenza di un “filtro” cognitivo che funzione come un “collo di bottiglia” per gli stimoli uditivi.
7Teoria del filtro di Broadbent (1958)
8Broadbent Broadbentipotizzaunasortadifiltroattentivochespiegherebbeilfenomenodellaselezionedelleinformazioni.1.duemessaggi,presentaticontemporaneamente,accedonoinsiemeadunfiltrosensoriale.2.unodeiduemessaggivienefattopassareattraversounfiltro3.ilfiltroserveperevitaresovraccarichinelsistema.9COCKTAIL PARTY EFFECT (CHERRY, 1953)Cocktail Party Effect: Immaginate di essere ad una festa dove molte persone parlano tra loro e c’e’ musica in sottofondo. Le persone riescono ad ascoltare  una sola conversazione per volta, senza ascoltare altre conversazioni che avvengono intornoMA cosa accade se mentre siete impegnati in questa attivitàQualcuno pronuncia il vostro nome?
10TreismanAlcunetraleinformazioni“trascurate”possonoesserepercepitedalsoggettoLalocalizzazionedellastrettoiaselettivaèpiùflessibileri

Coach ha risposto: Mi dispiace, ho avuto un piccolo problema tecnico.
L'utente ha detto: ciao
Coach ha risposto: Mi dispiace, ho avuto un piccolo problema tecnico.
L'utente ha detto: ciao
Coach ha risposto: Ciao! Che bello sentirti. Sono qui come Mind&Body, pronto ad accompagnarti nel tuo percorso verso un maggiore equilibrio. Come posso esserti utile oggi?
L'utente ha espresso un'emozione: sono triste
Coach ha risposto: 🧠 Mi dispiace molto sentirti così, guest. È normale provare tristezza a volte e non c'è nulla di sbagliato in questo. Sono qui per ascoltarti, se ti va di condividere cosa ti preoccupa.
L'utente ha espresso un'emozione: ciao, sono un po triste

Nuovo messaggio:
ciao, sono un po triste","Ciao di nuovo, guest. Comprendo che oggi ti senti un po' triste. Ricorda che è del tutto normale provare queste emozioni. Sono qui per te, pronto ad ascoltarti e a riflettere insieme se ne hai voglia.",sad
